documentType,productCategory,title,url
installation,comfort-sync-thermostat,ComfortSyncA3Thermostat  Installation Manual,https://s7d2.scene7.com/is/content/AlliedAirEnterprises/1%20-%20Document%20Updates/FLAGSHIP_THERMOSTAT_COMFORTSYNC-A3_INSTALLATIONMANUAL.pdf
installation,comfort-sync-thermostat,ComfortSyncA3Thermostat  Homeowner Manual,https://s7d2.scene7.com/is/content/AlliedAirEnterprises/1%20-%20Document%20Updates/FLAGSHIP_THERMOSTAT_COMFORTSYNC-A3_USERMANUAL.pdf
installation,comfort-sync-thermostat,ComfortSyncA3Thermostat  Smart Hub Installation Manual,https://s7d2.scene7.com/is/content/AlliedAirEnterprises/1%20-%20Document%20Updates/FLAGSHIP_THERMOSTAT_COMFORTSYNC-A3_INSTALLATIONMANUAL.pdf
installation,comfort-sync-thermostat,ComfortSyncA3Thermostat  HD Display Installation Manual,https://s7d2.scene7.com/is/content/AlliedAirEnterprises/
installation,gas-furnaces,A97MV  Downflow Installation Manual,https://s7d2.scene7.com/is/content/AlliedAirEnterprises/1%20-%20Document%20Updates/FLAGSHIP_GASFURNACES_A97MV-DOWNFLOW_INSTALLATIONMANUAL.pdf
installation,gas-furnaces,A962E  Downflow Installation Manual,https://s7d2.scene7.com/is/content/AlliedAirEnterprises/1%20-%20Document%20Updates/FLAGSHIP_GASFURNACES_A962E-DOWNFLOW_INSTALLATIONMANUAL.pdf
installation,gas-furnaces,A801D  Downflow Installation Manual,https://s7d2.scene7.com/is/content/AlliedAirEnterprises/Product%20Materials%20Library/Installation%20%26%20Service%20Manuals/Gas%20Furnaces/RESI_GASFURNACES_A801A-80G1-DOWNFLOW32010_INSTALLATIONMANUALpdf.pdf
installation,gas-furnaces,A801E  Downflow Installation Manual,https://s7d2.scene7.com/is/content/AlliedAirEnterprises/1%20-%20Document%20Updates/RESI_GASFURNACES_A801E-80G1E-DOWNFLOW_INSTALLATIONMANUAL.pdf
installation,gas-furnaces,A931A  Downflow Installation Manual,https://s7d2.scene7.com/is/content/AlliedAirEnterprises/1%20-%20Document%20Updates/RESI_GASFURNACES_A951A-A951S-92G1-95G1-A931A-DOWNFLOW_INSTALLATIONMANUAL.pdf
installation,gas-furnaces,A951A  Downflow Installation Manual,https://s7d2.scene7.com/is/content/AlliedAirEnterprises/1%20-%20Document%20Updates/RESI_GASFURNACES_A951A-A951S-92G1-95G1-A931A-DOWNFLOW_INSTALLATIONMANUAL.pdf
installation,gas-furnaces,A951S  Downflow Installation Manual,https://s7d2.scene7.com/is/content/AlliedAirEnterprises/1%20-%20Document%20Updates/RESI_GASFURNACES_A951A-A951S-92G1-95G1-A931A-DOWNFLOW_INSTALLATIONMANUAL.pdf
installation,gas-furnaces,A931E  Upflow Installation Manual,https://s7d2.scene7.com/is/content/AlliedAirEnterprises/1%20-%20Document%20Updates/RESI_GASFURNACES_A931E-92G1E-UPFLOW_INSTALLATIONMANUAL.pdf
installation,gas-furnaces,A962V  Downflow Installation Manual,https://s7d2.scene7.com/is/content/AlliedAirEnterprises/1%20-%20Document%20Updates/FLAGSHIP_GASFURNACES_A962V-DOWNFLOW_INSTALLATIONMANUAL.pdf
installation,gas-furnaces,A97MV  Upflow Installation Manual,https://s7d2.scene7.com/is/content/AlliedAirEnterprises/1%20-%20Document%20Updates/FLAGSHIP_GASFURNACES_A97MV-UPFLOW_INSTALLATIONMANUAL.pdf
installation,gas-furnaces,A962V  Upflow Installation Manual,https://s7d2.scene7.com/is/content/AlliedAirEnterprises/1%20-%20Document%20Updates/FLAGSHIP_GASFURNACES_A962V-UPFLOW_INSTALLATIONMANUAL.pdf
installation,gas-furnaces,A961E  Upflow Installation Manual,https://s7d2.scene7.com/is/content/AlliedAirEnterprises/1%20-%20Document%20Updates/RESI_GASFURNACES_A96UH1E-UPFLOW_INSTALLATIONMANUAL.pdf
installation,gas-furnaces,A931E  Downflow Installation Manual,https://s7d2.scene7.com/is/content/AlliedAirEnterprises/1%20-%20Document%20Updates/RESI_GASFURNACES_A931E-92G1E-DOWNFLOW_INSTALLATIONMANUAL.pdf
installation,gas-furnaces,A802E  Upflow Installation Instructions,https://s7d2.scene7.com/is/content/AlliedAirEnterprises/Product%20Materials%20Library/Installation%20%26%20Service%20Manuals/Gas%20Furnaces/RESI_GASFURNACES_A802E-80G2E-UPFLOW_INSTALLATIONMANUAL.pdf
installation,gas-furnaces,A931A  Upflow Installation Manual,https://s7d2.scene7.com/is/content/AlliedAirEnterprises/1%20-%20Document%20Updates/RESI_GASFURNACES_A951A-A951S-92G1-95G1-A931A-UPFLOW_INSTALLATIONMANUAL.pdf
installation,gas-furnaces,A951A  Upflow Installation Manual,https://s7d2.scene7.com/is/content/AlliedAirEnterprises/1%20-%20Document%20Updates/RESI_GASFURNACES_A951A-A951S-92G1-95G1-A931A-UPFLOW_INSTALLATIONMANUAL.pdf
installation,gas-furnaces,A951S  Upflow Installation Manual,https://s7d2.scene7.com/is/content/AlliedAirEnterprises/1%20-%20Document%20Updates/RESI_GASFURNACES_A951A-A951S-92G1-95G1-A931A-UPFLOW_INSTALLATIONMANUAL.pdf
installation,gas-furnaces,A951E  Downflow Installation Manual,https://s7d2.scene7.com/is/content/AlliedAirEnterprises/1%20-%20Document%20Updates/RESI_GASFURNACES_A951E-95G1E-DOWNFLOW_INSTALLATIONMANUAL.pdf
installation,gas-furnaces,A801E  Upflow Installation Manual,https://s7d2.scene7.com/is/content/AlliedAirEnterprises/1%20-%20Document%20Updates/RESI_GASFURNACES_A801E-80G1E-UPFLOW_INSTALLATIONMANUAL.pdf
installation,gas-furnaces,A801D  Upflow Installation Manual,https://s7d2.scene7.com/is/content/AlliedAirEnterprises/1%20-%20Document%20Updates/RESI_GASFURNACES_A801D-80G1-UPFLOW_INSTALLATIONMANUALpdf.pdf
installation,gas-furnaces,A962E  Upflow Installation Manual,https://s7d2.scene7.com/is/content/AlliedAirEnterprises/1%20-%20Document%20Updates/FLAGSHIP_GASFURNACES_A962E-UPFLOW_INSTALLATIONMANUAL.pdf
installation,gas-furnaces,A802V  Downflow Installation Manual,https://s7d2.scene7.com/is/content/AlliedAirEnterprises/1%20-%20Document%20Updates/FLAGSHIP_GASFURNACES_A802V-DOWNFLOW_INSTALLATIONMANUAL.pdf
installation,gas-furnaces,A802V  Upflow Installation Manual,https://s7d2.scene7.com/is/content/AlliedAirEnterprises/1%20-%20Document%20Updates/FLAGSHIP_GASFURNACES_A802V-UPFLOW_INSTALLATIONMANUAL.pdf
installation,gas-furnaces,A951E  Upflow Installation Manual,https://s7d2.scene7.com/is/content/AlliedAirEnterprises/1%20-%20Document%20Updates/RESI_GASFURNACES_A951E-95G1E-UPFLOW_INSTALLATIONMANUAL.pdf
installation,gas-furnaces,A802E  Service Manual,https://s7d2.scene7.com/is/content/AlliedAirEnterprises/Product%20Materials%20Library/Installation%20%26%20Service%20Manuals/Gas%20Furnaces/RESI_GASFURNACES_A802E-80G2E-UPFLOW_SERVICEMANUAL.pdf
installation,gas-furnaces,A961E  Downflow Installation Manual,https://s7d2.scene7.com/is/content/AlliedAirEnterprises/1%20-%20Document%20Updates/RESI_GASFURNACES_A96DF1E-DOWNFLOW_INSTALLATIONMANUAL.pdf
installation,gas-furnaces,A97MV  Ultra Low NOx Installation Instructions,https://s7d2.scene7.com/is/content/AlliedAirEnterprises//FLAGSHIP_GASFURNACES_A972VX-UPFLOW_SERVICEMANUALpdf.pdf
installation,oil-furnaces,L85UFV  Installation Manual,https://s7d2.scene7.com/is/content/AlliedAirEnterprises/1%20-%20Document%20Updates/RESI_OILFURNACES_L85BFV-L85BRV-L85UFV_INSTALLATIONMANUAL.pdf
installation,oil-furnaces,L85BFV/RV  Installation Manual,https://s7d2.scene7.com/is/content/AlliedAirEnterprises/1%20-%20Document%20Updates/RESI_OILFURNACES_L85BFV-L85BRV-L85UFV_INSTALLATIONMANUAL.pdf
installation,oil-furnaces,L83BF/R  Installation Manual,https://s7d2.scene7.com/is/content/AlliedAirEnterprises/1%20-%20Document%20Updates/VALUE_OILFURNACES_L83UF-L83HF-L83BF-L83BR-L83HR_INSTALLATIONMANUAL.pdf
installation,oil-furnaces,L83HF/R  Installation Manual,https://s7d2.scene7.com/is/content/AlliedAirEnterprises/1%20-%20Document%20Updates/VALUE_OILFURNACES_L83UF-L83HF-L83BF-L83BR-L83HR_INSTALLATIONMANUAL.pdf
installation,oil-furnaces,L83UF  Installation Manual,https://s7d2.scene7.com/is/content/AlliedAirEnterprises/1%20-%20Document%20Updates/VALUE_OILFURNACES_L83UF-L83HF-L83BF-L83BR-L83HR_INSTALLATIONMANUAL.pdf
installation,oil-furnaces,L83HFV/RV  Installation Manual,https://s7d2.scene7.com/is/content/AlliedAirEnterprises/Product%20Materials%20Library/Spec%20Sheets/Oil%20Furnaces/RESI_OILFURNACES_L83UFV-L83HFV-L83BFV-L83BRV-L83HRV_INSTALLATIONMANUAL.pdf
installation,oil-furnaces,L83BFV/RV  Installation Manual,https://s7d2.scene7.com/is/content/AlliedAirEnterprises/Product%20Materials%20Library/Spec%20Sheets/Oil%20Furnaces/RESI_OILFURNACES_L83UFV-L83HFV-L83BFV-L83BRV-L83HRV_INSTALLATIONMANUAL.pdf
installation,oil-furnaces,L83UFV  Installation Manual,https://s7d2.scene7.com/is/content/AlliedAirEnterprises/Product%20Materials%20Library/Spec%20Sheets/Oil%20Furnaces/RESI_OILFURNACES_L83UFV-L83HFV-L83BFV-L83BRV-L83HRV_INSTALLATIONMANUAL.pdf
installation,air-conditioners,4SCU13LB  Installation Manual,https://s7d2.scene7.com/is/content/AlliedAirEnterprises/1%20-%20Document%20Updates/FLAGSHIP_AIRCONDITIONERS_4SCU13LB-4SCU13LE-4SCU14LB-4SCU14LE-4SCU16LE_INSTALLATIONMANUAL.pdf
installation,air-conditioners,4SCU13LE  Installation Manual,https://s7d2.scene7.com/is/content/AlliedAirEnterprises/1%20-%20Document%20Updates/FLAGSHIP_AIRCONDITIONERS_4SCU13LB-4SCU13LE-4SCU14LB-4SCU14LE-4SCU16LE_INSTALLATIONMANUAL.pdf
installation,air-conditioners,4SCU16LS  Installation Manual,https://s7d2.scene7.com/is/content/AlliedAirEnterprises/1%20-%20Document%20Updates/FLAGSHIP_AIRCONDITIONERS_4SCU16LS_INSTALLATIONMANUAL.pdf
installation,heat-pumps,4SHP16LS  Installation Manual,https://s7d2.scene7.com/is/content/AlliedAirEnterprises/Product%20Materials%20Library/Installation%20%26%20Service%20Manuals/Air%20Conditioners%20%26%20Heat%20Pumps/FLAGSHIP_HEATPUMPS_4SHP16LS-4SHP18LS-2014_INSTALLATIONMANUAL.pdf
installation,heat-pumps,4SHP18LS  Installation Manual,https://s7d2.scene7.com/is/content/AlliedAirEnterprises/Product%20Materials%20Library/Installation%20%26%20Service%20Manuals/Air%20Conditioners%20%26%20Heat%20Pumps/FLAGSHIP_HEATPUMPS_4SHP16LS-4SHP18LS-2014_INSTALLATIONMANUAL.pdf
installation,heat-pumps,4SHP18LS  Installation Manual,https://s7d2.scene7.com/is/content/AlliedAirEnterprises/Product%20Materials%20Library/Installation%20%26%20Service%20Manuals/Air%20Conditioners%20%26%20Heat%20Pumps/FLAGSHIP_HEATPUMPS_4SHP16LS-4SHP18LS-2014_INSTALLATIONMANUAL.pdf
installation,heat-pumps,4SHP18LS  Installation Manual,https://s7d2.scene7.com/is/content/AlliedAirEnterprises/Product%20Materials%20Library/Installation%20%26%20Service%20Manuals/Air%20Conditioners%20%26%20Heat%20Pumps/FLAGSHIP_HEATPUMPS_4SHP16LS-4SHP18LS-2014_INSTALLATIONMANUAL.pdf
installation,package-units,PRPGN14 Gas/Electric Installation Manual,https://s7d2.scene7.com/is/content/AlliedAirEnterprises/Product%20Materials%20Library/Spec%20Sheets/Packaged%20Units/RESI_PACKAGEDUNITS_PRPGN14_SEER2_INSTALLATIONMANUAL.pdf
installation,package-units,PRPDF14 Dual-Fuel Installation Manual,https://s7d2.scene7.com/is/content/AlliedAirEnterprises/1%20-%20Document%20Updates/RESI_PACKAGEDUNITS_PRPDF14-PRDF14_INSTALLATIONMANUAL.pdf
installation,package-units,PRPGE14 Gas/Electric Curb Installation Manual,https://s7d2.scene7.com/is/content/AlliedAirEnterprises/Product%20Materials%20Library/Installation%20%26%20Service%20Manuals/Packaged%20Units/RESI_PACKAGEDUNITS_PRPAC14-PRPDF14-PRPGE14-PRPHP14-PRAC14-PRDF14PRGE14-PRHP14_CURBINSTALLATIONMANUALpdf.pdf
installation,package-units,PRPAC14 Electric/Electric Curb Installation Manual,https://s7d2.scene7.com/is/content/AlliedAirEnterprises/Product%20Materials%20Library/Installation%20%26%20Service%20Manuals/Packaged%20Units/RESI_PACKAGEDUNITS_PRPAC14-PRPDF14-PRPGE14-PRPHP14-PRAC14-PRDF14PRGE14-PRHP14_CURBINSTALLATIONMANUALpdf.pdf
installation,package-units,PRPHP14 Heat Pump Curb Installation Manual,https://s7d2.scene7.com/is/content/AlliedAirEnterprises/Product%20Materials%20Library/Installation%20%26%20Service%20Manuals/Packaged%20Units/RESI_PACKAGEDUNITS_PRPAC14-PRPDF14-PRPGE14-PRPHP14-PRAC14-PRDF14PRGE14-PRHP14_CURBINSTALLATIONMANUALpdf.pdf
installation,package-units,PRPGE16 Gas/Electric Installation Manual,https://s7d2.scene7.com/is/content/AlliedAirEnterprises/Product%20Materials%20Library/Spec%20Sheets/Packaged%20Units/FLAGSHIP_PACKAGEDUNITS_PRPGE16_SEER2_INSTALLATIONMANUAL.pdf
installation,package-units,PRPAC16 Electric/Electric Installation Manual,https://s7d2.scene7.com/is/content/AlliedAirEnterprises/Product%20Materials%20Library/Spec%20Sheets/Packaged%20Units/RESI_PACKAGEDUNITS_PRPAC16-PRPHP16_SEER2_INSTALLATIONMANUAL.pdf
installation,package-units,PRPDF16 Dual-Fuel Installation Manual,https://s7d2.scene7.com/is/content/AlliedAirEnterprises/Product%20Materials%20Library/Spec%20Sheets/Packaged%20Units/FLAGSHIP_PACKAGEDUNITS_PRPDF16_SEER2_INSTALLATIONMANUAL.pdf
installation,package-units,PRPDF14 Dual-Fuel Installation Manual,https://s7d2.scene7.com/is/content/AlliedAirEnterprises/1%20-%20Document%20Updates/RESI_PACKAGEDUNITS_PRPDF14-PRDF14_INSTALLATIONMANUAL.pdf
installation,package-units,PRPAC14 Electric/Electric Installation Manual,https://s7d2.scene7.com/is/content/AlliedAirEnterprises/Product%20Materials%20Library/Spec%20Sheets/Packaged%20Units/RESI_PACKAGEDUNITS_PRPAC14-PRPHP14-PRAC14-PRHP14_SEER2_INSTALLATIONMANUAL.pdf
installation,package-units,PRPHP14 Heat Pump Installation Manual,https://s7d2.scene7.com/is/content/AlliedAirEnterprises/Product%20Materials%20Library/Spec%20Sheets/Packaged%20Units/RESI_PACKAGEDUNITS_PRPAC14-PRPHP14-PRAC14-PRHP14_SEER2_INSTALLATIONMANUAL.pdf
installation,package-units,PRPDF14 Dual-Fuel Curb Installation Manual,https://s7d2.scene7.com/is/content/AlliedAirEnterprises/Product%20Materials%20Library/Installation%20%26%20Service%20Manuals/Packaged%20Units/RESI_PACKAGEDUNITS_PRPAC14-PRPDF14-PRPGE14-PRPHP14-PRAC14-PRDF14PRGE14-PRHP14_CURBINSTALLATIONMANUALpdf.pdf
installation,package-units,PRPGE14 Gas/Electric Installation Manual,https://s7d2.scene7.com/is/content/AlliedAirEnterprises/Product%20Materials%20Library/Spec%20Sheets/Packaged%20Units/RESI_PACKAGEDUNITS_PRGE14-PRPGE14_SEER2_INSTALLATIONMANUAL.pdf
installation,air-handlers,EFV  Installation Manual,https://s7d2.scene7.com/is/content/AlliedAirEnterprises/1%20-%20Document%20Updates/RESI_ELECTRICFURNACES_EFV_INSTALLATIONMANUAL.pdf
installation,air-handlers,BCE5C  Installation Manual,https://s7d2.scene7.com/is/content/AlliedAirEnterprises/1%20-%20Document%20Updates/RESI_AIRHANDLERS_BCE5C-OMNIGUARD_INSTALLATIONMANUAL.pdf
installation,air-handlers,BCE5E  Installation Manual,https://s7d2.scene7.com/is/content/AlliedAirEnterprises/1%20-%20Document%20Updates/RESI_AIRHANDLERS_BCE5E-OMNIGUARD_INSTALLATIONMANUAL.pdf
installation,air-handlers,BCE5V  Installation Manual,https://s7d2.scene7.com/is/content/AlliedAirEnterprises/1%20-%20Document%20Updates/RESI_AIRHANDLERS_BCE5V-OMNIGUARD_INSTALLATIONMANUAL.pdf
installation,air-handlers,BCE7E  Installation Manual,https://s7d2.scene7.com/is/content/AlliedAirEnterprises/1%20-%20Document%20Updates/RESI_AIRHANDLERS_BCE7E-OMNIGUARD_INSTALLATIONMANUAL.pdf
installation,air-handlers,BCE7S  Installation Manual,https://s7d2.scene7.com/is/content/AlliedAirEnterprises/1%20-%20Document%20Updates/FLAGSHIP_AIRHANDLERS_BCE7S-OMNIGUARD_INSTALLATIONMANUALpdf.pdf
installation,air-handlers,BCS2V  Installation Manual,https://s7d2.scene7.com/is/content/AlliedAirEnterprises/Product%20Materials%20Library/Installation%20%26%20Service%20Manuals/Air%20Handlers/VALUE_AIRHANDLERS_BCS2V_INSTALLATIONMANUAL.pdf
installation,out-of-production,EUL1P  Installation Manual,https://s7d2.scene7.com/is/content/AlliedAirEnterprises/1%20-%20Document%20Updates/RESI_COILS_EC4X-EC1P-EU1P-EUL1P-EM1P-EH1P-ED1P_INSTALLATIONMANUALpdf.pdf
installation,out-of-production,ED1P  Installation Manual,https://s7d2.scene7.com/is/content/AlliedAirEnterprises/1%20-%20Document%20Updates/RESI_COILS_EC4X-EC1P-EU1P-EUL1P-EM1P-EH1P-ED1P_INSTALLATIONMANUALpdf.pdf
installation,out-of-production,EM1P  Installation Manual,https://s7d2.scene7.com/is/content/AlliedAirEnterprises/1%20-%20Document%20Updates/RESI_COILS_EC4X-EC1P-EU1P-EUL1P-EM1P-EH1P-ED1P_INSTALLATIONMANUALpdf.pdf
installation,out-of-production,EC1P  Installation Manual,https://s7d2.scene7.com/is/content/AlliedAirEnterprises/1%20-%20Document%20Updates/RESI_COILS_EC4X-EC1P-EU1P-EUL1P-EM1P-EH1P-ED1P_INSTALLATIONMANUALpdf.pdf
installation,out-of-production,13ACD  Installation Manual,https://pascalliedcdnep.azureedge.net/airease/AirEase_13ACD_Install.pdf
installation,out-of-production,13HPD  Installation Manual,https://pascalliedcdnep.azureedge.net/airease/AirEase_13HPD_Install.pdf
installation,out-of-production,BCE3C  Installation Manual,https://pascalliedcdnep.azureedge.net/airease/RESI_AIRHANDLERS_BCE3MC-BCS3MC_INSTALLATIONMANUAL.pdf
installation,out-of-production,4SHP15LE  Installation Manual,https://s7d2.scene7.com/is/content/AlliedAirEnterprises/1%20-%20Document%20Updates/FLAGSHIP_HEATPUMPS_4SHP14-4SHP15LE_INSTALLATIONMANUAL.pdf
installation,out-of-production,4SHP13LB  Installation Manual,https://s7d2.scene7.com/is/content/AlliedAirEnterprises/1%20-%20Document%20Updates/FLAGSHIP_HEATPUMPS_4SHP14-4SHP15LE_INSTALLATIONMANUAL.pdf
installation,out-of-production,4SHP16LE  Installation Manual,https://s7d2.scene7.com/is/content/AlliedAirEnterprises/1%20-%20Document%20Updates/FLAGSHIP_HEATPUMPS_4SHP14-4SHP15LE_INSTALLATIONMANUAL.pdf
installation,out-of-production,EH1P  Installation Manual,https://s7d2.scene7.com/is/content/AlliedAirEnterprises/1%20-%20Document%20Updates/RESI_COILS_EC4X-EC1P-EU1P-EUL1P-EM1P-EH1P-ED1P_INSTALLATIONMANUALpdf.pdf
installation,out-of-production,EC4X  Installation Manual,https://s7d2.scene7.com/is/content/AlliedAirEnterprises/1%20-%20Document%20Updates/RESI_COILS_EC4X-EC1P-EU1P-EUL1P-EM1P-EH1P-ED1P_INSTALLATIONMANUALpdf.pdf
installation,out-of-production,EU1P  Installation Manual,https://s7d2.scene7.com/is/content/AlliedAirEnterprises/1%20-%20Document%20Updates/RESI_COILS_EC4X-EC1P-EU1P-EUL1P-EM1P-EH1P-ED1P_INSTALLATIONMANUALpdf.pdf
installation,out-of-production,4AC13L  Installation Manual,https://pascalliedcdnep.azureedge.net/airease/VALUE_AIRCONDITIONERS_4AC13-4AC14-4AC16L_INSTALLATIONMANUAL.pdf
installation,out-of-production,4SCU18LT  Installation Manual,https://pascalliedcdnep.azureedge.net/airease/AirEase_4SCU18LT_Install.pdf
installation,out-of-production,4SHP16LT  Installation Manual,https://pascalliedcdnep.azureedge.net/airease/AirEase_4SHP16LT_Install.pdf
installation,out-of-production,4SHP18LT  Installation Manual,https://pascalliedcdnep.azureedge.net/airease/506257-01%20issue%201330.pdf
installation,out-of-production,A96MV  Downflow Installation Manual,https://pascalliedcdnep.azureedge.net/airease/AirEase_A96MV_Downflow_Install.pdf
installation,out-of-production,A96MV  Upflow Installation Manual,https://pascalliedcdnep.azureedge.net/airease/506550-01%20A96UHMV%20Issue%201230.pdf
installation,out-of-production,4PGE15 Gas/Electric Installation Manual,https://pascalliedcdnep.azureedge.net/airease/AirEase_4PGE13E_4PGE15E_Install.pdf
installation,out-of-production,4HP13L  Installation Manual,https://pascalliedcdnep.azureedge.net/airease/VALUE_HEATPUMPS_4HP14L-4HP14B-4HP15L_INSTALLATIONMANUAL.pdf
installation,out-of-production,4PCE13 Electric/Electric Installation Manual,https://pascalliedcdnep.azureedge.net/airease/AirEase_4PCE13E_4PCE15E_Install.pdf
installation,out-of-production,4PCE15 Electric/Electric Installation Manual,https://pascalliedcdnep.azureedge.net/airease/AirEase_4PCE13E_4PCE15E_Install.pdf
installation,out-of-production,4PGE13 Gas/Electric Installation Manual,https://pascalliedcdnep.azureedge.net/airease/AirEase_4PGE13E_4PGE15E_Install.pdf
installation,out-of-production,4PHP13 Heat Pump Installation Manual,https://pascalliedcdnep.azureedge.net/airease/AirEase_4PHP13E_Install.pdf
installation,out-of-production,4PHP15 Heat Pump Installation Manual,https://pascalliedcdnep.azureedge.net/airease/AirEase_4PHP15E_Install.pdf
installation,out-of-production,4AC13L  Installation Manual,https://pascalliedcdnep.azureedge.net/airease/VALUE_AIRCONDITIONERS_4AC13-4AC14-4AC16L_INSTALLATIONMANUAL.pdf
installation,out-of-production,A96MV  Upflow Installation Manual,https://pascalliedcdnep.azureedge.net/airease/506550-01%20A96UHMV%20Issue%201230.pdf
installation,out-of-production,RPGE13 Gas/Electric Installation Manual,https://pascalliedcdnep.azureedge.net/airease/AirEase_RPGE13_Install.pdf
installation,out-of-production,RPHP13 Heat Pump Installation Manual,https://pascalliedcdnep.azureedge.net/airease/AirEase_RPHP13_RPCE13_Install.pdf
installation,out-of-production,RPCE13 Electric/Electric Installation Manual,https://pascalliedcdnep.azureedge.net/airease/AirEase_RPHP13_RPCE13_Install.pdf
installation,out-of-production,4SHP18LT  Installation Manual,https://pascalliedcdnep.azureedge.net/airease/506257-01%20issue%201330.pdf
installation,out-of-production,A952V  Downflow Installation Manual,https://pascalliedcdnep.azureedge.net/airease/AirEase_A952SV_Downflow_Install.pdf
installation,out-of-production,4SHP13LE  Installation Manual,https://s7d2.scene7.com/is/content/AlliedAirEnterprises/1%20-%20Document%20Updates/FLAGSHIP_HEATPUMPS_4SHP14-4SHP15LE_INSTALLATIONMANUAL.pdf
installation,out-of-production,4SHP13LE  Installation Manual,https://s7d2.scene7.com/is/content/AlliedAirEnterprises/1%20-%20Document%20Updates/FLAGSHIP_HEATPUMPS_4SHP14-4SHP15LE_INSTALLATIONMANUAL.pdf
installation,out-of-production,A952V  Upflow Installation Manual,https://pascalliedcdnep.azureedge.net/airease/RESI_GASFURNACES_A952V-95G2V-UPFLOW_INSTALLATIONMANUAL.pdf
installation,out-of-production,A952V  Upflow Installation Manual,https://pascalliedcdnep.azureedge.net/airease/RESI_GASFURNACES_A952V-95G2V-UPFLOW_INSTALLATIONMANUAL.pdf
product-brochure,comfort-sync-thermostat,ComfortSyncA3Thermostat  Product Brochure,https://s7d2.scene7.com/is/content/AlliedAirEnterprises/AIREASE_COMFORTSYNCA3_THERMOSTAT_ZONINGBROCHURE.pdf
product-brochure,gas-furnaces,A96MV  Product Brochure,https://s7d2.scene7.com/is/content/AlliedAirEnterprises/AIREASE_GASFURNACE_A931E-A951E-A962E-A962V-A97MV_CONSUMERBROCHURE.pdf
product-brochure,gas-furnaces,A801D  Product Brochure,https://s7d2.scene7.com/is/content/AlliedAirEnterprises/AIREASE_GASFURNACES_A801E-A802V_CONSUMERBROCHURE.pdf
product-brochure,gas-furnaces,A931E  Product Brochure,https://s7d2.scene7.com/is/content/AlliedAirEnterprises/AIREASE_GASFURNACE_A931E-A951E-A962E-A962V-A97MV_CONSUMERBROCHURE.pdf
product-brochure,gas-furnaces,A931A  Product Brochure,https://s7d2.scene7.com/is/content/AlliedAirEnterprises/AIREASE_GASFURNACE_A931E-A951E-A962E-A962V-A97MV_CONSUMERBROCHURE.pdf
product-brochure,gas-furnaces,A951A  Product Brochure,https://s7d2.scene7.com/is/content/AlliedAirEnterprises/AIREASE_GASFURNACE_A931E-A951E-A962E-A962V-A97MV_CONSUMERBROCHURE.pdf
product-brochure,gas-furnaces,A951S  Product Brochure,https://s7d2.scene7.com/is/content/AlliedAirEnterprises/AIREASE_GASFURNACE_A931E-A951E-A962E-A962V-A97MV_CONSUMERBROCHURE.pdf
product-brochure,gas-furnaces,A802E  Product Brochure,https://s7d2.scene7.com/is/content/AlliedAirEnterprises/Allied%20Connect%20-%20Extra/8060_2_AAER_Consumer_Brochure_AirEase_R4_03-FA_LR.pdf
product-brochure,gas-furnaces,A801E  Product Brochure,https://s7d2.scene7.com/is/content/AlliedAirEnterprises/Allied%20Connect%20-%20Extra/8060_2_AAER_Consumer_Brochure_AirEase_R4_03-FA_LR.pdf
product-brochure,gas-furnaces,A802V  Product Brochure,https://s7d2.scene7.com/is/content/AlliedAirEnterprises/Allied%20Connect%20-%20Extra/8060_2_AAER_Consumer_Brochure_AirEase_R4_03-FA_LR.pdf
product-brochure,gas-furnaces,A961E  Product Brochure ,https://s7d2.scene7.com/is/content/AlliedAirEnterprises/Product%20Materials%20Library/Marketing%20Materials%20%26%20Photos/Air%20Ease/Gas%20Furnaces/AIREASE_GASFURNACES_A97MV-A962V-A962E-A961E-A931E_CONSUMERBROCHURE.pdf
product-brochure,gas-furnaces,A951E  Product Brochure,https://s7d2.scene7.com/is/content/AlliedAirEnterprises/AIREASE_GASFURNACE_A931E-A951E-A962E-A962V-A97MV_CONSUMERBROCHURE.pdf
product-brochure,gas-furnaces,A97MV  Product Brochure,https://s7d2.scene7.com/is/content/AlliedAirEnterprises/AIREASE_GASFURNACE_A931E-A951E-A962E-A962V-A97MV_CONSUMERBROCHURE.pdf
product-brochure,gas-furnaces,A962V  Product Brochure,https://s7d2.scene7.com/is/content/AlliedAirEnterprises/AIREASE_GASFURNACE_A931E-A951E-A962E-A962V-A97MV_CONSUMERBROCHURE.pdf
product-brochure,gas-furnaces,A962E  Product Brochure,https://s7d2.scene7.com/is/content/AlliedAirEnterprises/AIREASE_GASFURNACE_A931E-A951E-A962E-A962V-A97MV_CONSUMERBROCHURE.pdf
product-brochure,oil-furnaces,L83HFV/RV  Product Brochure,https://s7d2.scene7.com/is/content/AlliedAirEnterprises/Product%20Materials%20Library/Marketing%20Materials%20%26%20Photos/Air%20Ease/Oil%20Furnaces/AIREASE_OILFURNACES_L83UFV-L83HFV-L83BFV_PRODUCTBROCHURE.pdf
product-brochure,oil-furnaces,L83BFV/RV  Product Brochure,https://s7d2.scene7.com/is/content/AlliedAirEnterprises/Product%20Materials%20Library/Marketing%20Materials%20%26%20Photos/Air%20Ease/Oil%20Furnaces/AIREASE_OILFURNACES_L83UFV-L83HFV-L83BFV_PRODUCTBROCHURE.pdf
product-brochure,oil-furnaces,L83UFV  Product Brochure,https://s7d2.scene7.com/is/content/AlliedAirEnterprises/Product%20Materials%20Library/Marketing%20Materials%20%26%20Photos/Air%20Ease/Oil%20Furnaces/AIREASE_OILFURNACES_L83UFV-L83HFV-L83BFV_PRODUCTBROCHURE.pdf
product-brochure,oil-furnaces,L83BF/R  Product Brochure,https://s7d2.scene7.com/is/content/AlliedAirEnterprises/Product%20Materials%20Library/Marketing%20Materials%20%26%20Photos/Armstrong%20Air/Oil%20Furnaces/ARMSTRONGAIR_OILFURNACES_L83UFV-L83HFV-RV-L83BFV-RV_CONSUMERBROCHURE.pdf
product-brochure,oil-furnaces,L83HF/R  Product Brochure,https://s7d2.scene7.com/is/content/AlliedAirEnterprises/Product%20Materials%20Library/Marketing%20Materials%20%26%20Photos/Armstrong%20Air/Oil%20Furnaces/ARMSTRONGAIR_OILFURNACES_L83UFV-L83HFV-RV-L83BFV-RV_CONSUMERBROCHURE.pdf
product-brochure,oil-furnaces,L83UF  Product Brochure,https://s7d2.scene7.com/is/content/AlliedAirEnterprises/Product%20Materials%20Library/Marketing%20Materials%20%26%20Photos/Armstrong%20Air/Oil%20Furnaces/ARMSTRONGAIR_OILFURNACES_L83UFV-L83HFV-RV-L83BFV-RV_CONSUMERBROCHURE.pdf
product-brochure,oil-furnaces,L85UFV  Product Brochure,https://s7d2.scene7.com/is/content/AlliedAirEnterprises/Product%20Materials%20Library/Marketing%20Materials%20%26%20Photos/Air%20Ease/Oil%20Furnaces/AIREASE_OILFURNACES_L85BFV-RV-UFV_CONSUMERBROCHURE.pdf
product-brochure,oil-furnaces,L85BFV/RV  Product Brochure,https://s7d2.scene7.com/is/content/AlliedAirEnterprises/Product%20Materials%20Library/Marketing%20Materials%20%26%20Photos/Air%20Ease/Oil%20Furnaces/AIREASE_OILFURNACES_L85BFV-RV-UFV_CONSUMERBROCHURE.pdf
product-brochure,air-conditioners,4SCU16LS  Product Brochure,https://s7d2.scene7.com/is/content/AlliedAirEnterprises/Product%20Materials%20Library/Marketing%20Materials%20%26%20Photos/AIREASE_AIRCONDITIONERS_4SCU13LE-4SCU13LB-4SCU14LB-4SCU16LE-4SCU16LS-4SCU20LX_CONSUMERBROCHURE.pdf
product-brochure,air-conditioners,4SCU13LB  Product Brochure,https://s7d2.scene7.com/is/content/AlliedAirEnterprises/Product%20Materials%20Library/Marketing%20Materials%20%26%20Photos/AIREASE_AIRCONDITIONERS_4SCU13LE-4SCU13LB-4SCU14LB-4SCU16LE-4SCU16LS-4SCU20LX_CONSUMERBROCHURE.pdf
product-brochure,air-conditioners,4SCU13LE  Product Brochure,https://s7d2.scene7.com/is/content/AlliedAirEnterprises/Product%20Materials%20Library/Marketing%20Materials%20%26%20Photos/AIREASE_AIRCONDITIONERS_4SCU13LE-4SCU13LB-4SCU14LB-4SCU16LE-4SCU16LS-4SCU20LX_CONSUMERBROCHURE.pdf
product-brochure,air-conditioners,4SCU20LX  Product Brochure,https://s7d2.scene7.com/is/content/AlliedAirEnterprises/Product%20Materials%20Library/Marketing%20Materials%20%26%20Photos/AIREASE_AIRCONDITIONERS_4SCU13LE-4SCU13LB-4SCU14LB-4SCU16LE-4SCU16LS-4SCU20LX_CONSUMERBROCHURE.pdf
product-brochure,air-conditioners,4SCU14LB  Product Brochure,https://s7d2.scene7.com/is/content/AlliedAirEnterprises/Product%20Materials%20Library/Marketing%20Materials%20%26%20Photos/Air%20Ease/Air%20Conditioners%20%26%20Heat%20Pumps/AIREASE_AIRCONDITIONERS_4SCU13LE-4SCU13LB-4SCU14LB-4SCU16LE-4SCU16LS-4SCU20LX-OMNIGUARD_CONSUMERBROCHURE.pdf
product-brochure,air-conditioners,4SCU16LE  Product Brochure,https://s7d2.scene7.com/is/content/AlliedAirEnterprises/AIREASE_PROSERIES_AIRCONDITIONER_SALESBROCHURE.pdf
product-brochure,air-conditioners,4SHP18LX*  Product Brochure,https://s7d2.scene7.com/is/content/AlliedAirEnterprises/AIREASE_PROSERIES_AIRCONDITIONER_SALESBROCHURE.pdf
product-brochure,air-conditioners,4SCU23LX  Product Brochure,https://s7d2.scene7.com/is/content/AlliedAirEnterprises/AIREASE_PROSERIES_AIRCONDITIONER_SALESBROCHURE.pdf
product-brochure,air-conditioners,4SCU17LE  Product Brochures (4scu17le),https://s7d2.scene7.com/is/content/AlliedAirEnterprises/AIREASE_PROSERIES_AIRCONDITIONER_SALESBROCHURE.pdf
product-brochure,heat-pumps,4SHP15LE  Product Brochure,https://s7d2.scene7.com/is/content/AlliedAirEnterprises/AIREASE_HEATPUMPS_4SHP14LB-4SHP15LE-4SHP16LE-4SHP16LS-4SHP20LX_CONSUMERBROCHURE.pdf
product-brochure,heat-pumps,4SHP16LS  Product Brochure,https://s7d2.scene7.com/is/content/AlliedAirEnterprises/AIREASE_HEATPUMPS_4SHP14LB-4SHP15LE-4SHP16LE-4SHP16LS-4SHP20LX_CONSUMERBROCHURE.pdf
product-brochure,heat-pumps,4SHP20LX  Product Brochure,https://s7d2.scene7.com/is/content/AlliedAirEnterprises/AIREASE_HEATPUMPS_4SHP14LB-4SHP15LE-4SHP16LE-4SHP16LS-4SHP20LX_CONSUMERBROCHURE.pdf
product-brochure,heat-pumps,4SHP16LE  Product Brochure,https://s7d2.scene7.com/is/content/AlliedAirEnterprises/AIREASE_HEATPUMPS_4SHP14LB-4SHP15LE-4SHP16LE-4SHP16LS-4SHP20LX_CONSUMERBROCHURE.pdf
product-brochure,heat-pumps,4SHP17LE  Product Brochure,https://s7d2.scene7.com/is/content/AlliedAirEnterprises/AIREASE_PROSERIES_HEATPUMP_SALESBROCHURE.pdf
product-brochure,heat-pumps,4SHP22LX  Product Brochure,https://s7d2.scene7.com/is/content/AlliedAirEnterprises/AIREASE_PROSERIES_HEATPUMP_SALESBROCHURE.pdf
product-brochure,heat-pumps,4SHP18LX  Product Brochure,https://s7d2.scene7.com/is/content/AlliedAirEnterprises/AIREASE_PROSERIES_HEATPUMP_SALESBROCHURE.pdf
product-brochure,heat-pumps,4SHP13LB  Product Brochure,https://s7d2.scene7.com/is/content/AlliedAirEnterprises/Product%20Materials%20Library/Marketing%20Materials%20%26%20Photos/Air%20Ease/Air%20Conditioners%20%26%20Heat%20Pumps/AIREASE_HEATPUMPS_4SHP13LB_CONSUMERBROCHURE.pdf
product-brochure,heat-pumps,4SHP14LB  Product Brochure,https://s7d2.scene7.com/is/content/AlliedAirEnterprises/AIREASE_HEATPUMPS_4SHP14LB-4SHP15LE-4SHP16LE-4SHP16LS-4SHP20LX_CONSUMERBROCHURE.pdf
product-brochure,package-units,PRPDF14 Dual-Fuel Product Brochure,https://s7d2.scene7.com/is/content/AlliedAirEnterprises/Product%20Materials%20Library/Marketing%20Materials%20%26%20Photos/Air%20Ease/Packaged%20Units/AIREASE_PACKAGEDUNITS_PRPAC14-PRPHP14-PRPGE14-PRPDF14-PRPGE16-PRPDF16-PRPAC16-PRPHP16-FER_CONSUMERBROCHURE.pdf
product-brochure,package-units,PRPGE16 Gas/Electric Product Brochure,https://s7d2.scene7.com/is/content/AlliedAirEnterprises/Product%20Materials%20Library/Marketing%20Materials%20%26%20Photos/Air%20Ease/Packaged%20Units/AIREASE_PACKAGEDUNITS_PRPAC14-PRPHP14-PRPGE14-PRPGE16-PRPDF16-PRPAC16-PRPHP16-FER_CONSUMERBROCHURE.pdf
product-brochure,package-units,PRPAC16 Electric/Electric Product Brochure,https://s7d2.scene7.com/is/content/AlliedAirEnterprises/Product%20Materials%20Library/Marketing%20Materials%20%26%20Photos/Air%20Ease/Packaged%20Units/AIREASE_PACKAGEDUNITS_PRPAC14-PRPHP14-PRPGE14-PRPGE16-PRPDF16-PRPAC16-PRPHP16-FER_CONSUMERBROCHURE.pdf
product-brochure,package-units,PRPGE14 Gas/Electric Product Brochure,https://s7d2.scene7.com/is/content/AlliedAirEnterprises/Product%20Materials%20Library/Marketing%20Materials%20%26%20Photos/Air%20Ease/Packaged%20Units/AIREASE_PACKAGEDUNITS_PRPAC14-PRPHP14-PRPGE14-PRPGE16-PRPDF16-PRPAC16-PRPHP16-FER_CONSUMERBROCHURE.pdf
product-brochure,package-units,PRPAC14 Electric/Electric Product Brochure,https://s7d2.scene7.com/is/content/AlliedAirEnterprises/Product%20Materials%20Library/Marketing%20Materials%20%26%20Photos/Air%20Ease/Packaged%20Units/AIREASE_PACKAGEDUNITS_PRPAC14-PRPHP14-PRPGE14-PRPGE16-PRPDF16-PRPAC16-PRPHP16-FER_CONSUMERBROCHURE.pdf
product-brochure,package-units,PRPHP14 Heat Pump Product Brochure,https://s7d2.scene7.com/is/content/AlliedAirEnterprises/Product%20Materials%20Library/Marketing%20Materials%20%26%20Photos/Air%20Ease/Packaged%20Units/AIREASE_PACKAGEDUNITS_PRPAC14-PRPHP14-PRPGE14-PRPGE16-PRPDF16-PRPAC16-PRPHP16-FER_CONSUMERBROCHURE.pdf
product-brochure,package-units,PRPHP16 Heat Pump Product Brochure,https://s7d2.scene7.com/is/content/AlliedAirEnterprises/Product%20Materials%20Library/Marketing%20Materials%20%26%20Photos/Air%20Ease/Packaged%20Units/AIREASE_PACKAGEDUNITS_PRPAC14-PRPHP14-PRPGE14-PRPGE16-PRPDF16-PRPAC16-PRPHP16-FER_CONSUMERBROCHURE.pdf
product-brochure,package-units,PRPDF16 Dual-Fuel Product Brochure,https://s7d2.scene7.com/is/content/AlliedAirEnterprises/Product%20Materials%20Library/Marketing%20Materials%20%26%20Photos/Air%20Ease/Packaged%20Units/AIREASE_PACKAGEDUNITS_PRPAC14-PRPHP14-PRPGE14-PRPGE16-PRPDF16-PRPAC16-PRPHP16-FER_CONSUMERBROCHURE.pdf
product-brochure,air-handlers,BCE7E  Product Brochure,https://s7d2.scene7.com/is/content/AlliedAirEnterprises/Product%20Materials%20Library/Marketing%20Materials%20%26%20Photos/Air%20Ease/Air%20Handlers/AIREASE_AIRHANDLERS_BCE5-BCE7-OMNIGUARD_CONSUMERBROCHURE.pdf
product-brochure,air-handlers,BCE5V  Product Brochure,https://s7d2.scene7.com/is/content/AlliedAirEnterprises/Product%20Materials%20Library/Marketing%20Materials%20%26%20Photos/Air%20Ease/Air%20Handlers/AIREASE_AIRHANDLERS_BCE5-BCE7-OMNIGUARD_CONSUMERBROCHURE.pdf
product-brochure,air-handlers,BCE5E  Product Brochure,https://s7d2.scene7.com/is/content/AlliedAirEnterprises/Product%20Materials%20Library/Marketing%20Materials%20%26%20Photos/Air%20Ease/Air%20Handlers/AIREASE_AIRHANDLERS_BCE5-BCE7-OMNIGUARD_CONSUMERBROCHURE.pdf
product-brochure,air-handlers,BCE5C  Product Brochure,https://s7d2.scene7.com/is/content/AlliedAirEnterprises/Product%20Materials%20Library/Marketing%20Materials%20%26%20Photos/Air%20Ease/Air%20Handlers/AIREASE_AIRHANDLERS_BCE5-BCE7-OMNIGUARD_CONSUMERBROCHURE.pdf
product-brochure,air-handlers,BCE7S  Product Brochure,https://s7d2.scene7.com/is/content/AlliedAirEnterprises/Product%20Materials%20Library/Marketing%20Materials%20%26%20Photos/Air%20Ease/Air%20Handlers/AIREASE_AIRHANDLERS_BCE5-BCE7-OMNIGUARD_CONSUMERBROCHURE.pdf
product-brochure,mini-split-systems,4DHP2-4DHV2-DWM2-DWH2  Product Brochure,https://s7d2.scene7.com/is/content/AlliedAirEnterprises/AIREASE_MINISPLITS_4DHP2-4DHV2-DWM2-DWH2_CONSUMERBROCHURE.pdf
product-brochure,out-of-production,4HP13L  Product Brochure,https://pascalliedcdnep.azureedge.net/airease/AirEase_J4HP13L_Brochure.pdf
product-brochure,out-of-production,4SCU16LT  Product Brochure,https://pascalliedcdnep.azureedge.net/airease/AirEase_J4SCU16LT_Brochure.pdf
product-brochure,out-of-production,4PGE15 Gas/Electric Product Brochure,https://pascalliedcdnep.azureedge.net/airease/AirEase_J4PGE15_Brochure.pdf
product-brochure,out-of-production,BCE4S  Product Brochure,https://pascalliedcdnep.azureedge.net/airease/AirEase_BCE4S_Product_Brochure.pdf
product-brochure,out-of-production,BCE3V  Product Brochure,https://pascalliedcdnep.azureedge.net/airease/AirEase_BCE_Product_Brochure.pdf
product-brochure,out-of-production,BCE3E  Product Brochure,https://pascalliedcdnep.azureedge.net/airease/AirEase_BCE_Product_Brochure.pdf
product-brochure,out-of-production,BCE3C  Product Brochure,https://pascalliedcdnep.azureedge.net/airease/AirEase_BCE_Product_Brochure.pdf
product-brochure,out-of-production,4SHP15LE-Legacy  Product Brochure,https://pascalliedcdnep.azureedge.net/airease/AirEase_Cons_HP_Bro_Legacy.pdf
product-brochure,out-of-production,4SHP14LB-Legacy  Product Brochure,https://pascalliedcdnep.azureedge.net/airease/AirEase_Cons_HP_Bro_Legacy.pdf
product-brochure,out-of-production,4SCU18LS  Product Brochure,https://pascalliedcdnep.azureedge.net/airease/AirEase_J4SCU18LS_Brochure.pdf
product-brochure,out-of-production,4SHP18LS  Product Brochure,https://pascalliedcdnep.azureedge.net/airease/AirEase_J4SHP18LS_Brochure.pdf
product-brochure,out-of-production,4SHP14LE  Product Brochure,https://pascalliedcdnep.azureedge.net/airease/AirEase_J4SHP14LE_Brochure.pdf
product-brochure,out-of-production,4PCE13 Electric/Electric Product Brochure,https://pascalliedcdnep.azureedge.net/airease/AirEase_J4PCE13_Brochure.pdf
product-brochure,out-of-production,4PCE15 Electric/Electric Product Brochure,https://pascalliedcdnep.azureedge.net/airease/AirEase_J4PCE15_Brochure.pdf
product-brochure,out-of-production,4PGE13 Gas/Electric Product Brochure,https://pascalliedcdnep.azureedge.net/airease/AirEase_J4PGE13_Brochure.pdf
product-brochure,out-of-production,4SCU16LE-Legacy  Product Brochure,https://pascalliedcdnep.azureedge.net/airease/AirEase_AC_Bro_03.18-legacy.pdf
product-brochure,out-of-production,4SCU14LB-Legacy  Product Brochure,https://pascalliedcdnep.azureedge.net/airease/AirEase_AC_Bro_03.18-legacy.pdf
product-brochure,out-of-production,4PHP15 Heat Pump Product Brochure,https://pascalliedcdnep.azureedge.net/airease/AirEase_J4PHP15_Brochure.pdf
product-brochure,out-of-production,RPCE13 Electric/Electric Product Brochure,https://pascalliedcdnep.azureedge.net/airease/AirEase_JRPCE13_Brochure.pdf
product-brochure,out-of-production,RPGE13 Gas/Electric Product Brochure,https://pascalliedcdnep.azureedge.net/airease/AirEase_JRPGE13_Brochure.pdf
product-brochure,out-of-production,RPHP13 Heat Pump Product Brochure,https://pascalliedcdnep.azureedge.net/airease/AirEase_JRPHP13_Brochure.pdf
product-brochure,out-of-production,4PHP13 Heat Pump Product Brochure,https://pascalliedcdnep.azureedge.net/airease/AirEase_J4PHP13_Brochure.pdf
product-brochure,out-of-production,BCS2V  Product Brochure,https://pascalliedcdnep.azureedge.net/airease/AirEase_JBCS2V_Brochure.pdf
product-brochure,out-of-production,BCS2S  Product Brochure,https://pascalliedcdnep.azureedge.net/airease/AirEase_BCS2S_Product_Brochure.pdf
product-brochure,out-of-production,4SHP13LE  Product Brochure,https://pascalliedcdnep.azureedge.net/airease/AirEase_J4SHP13LE_Brochure.pdf
product-brochure,out-of-production,4SCU14LE  Product Brochure,https://pascalliedcdnep.azureedge.net/airease/AirEase_J4SCU14LE_Brochure.pdf
product-brochure,out-of-production,A952V  Product Brochure,https://pascalliedcdnep.azureedge.net/airease/AirEase_JA952V_Brochure.pdf
product-brochure,out-of-production,4AC13L  Product Brochure,https://pascalliedcdnep.azureedge.net/airease/Armstrong_4AC13L_Product_Brochure.pdf
product-brochure,out-of-production,4SHP16LT  Product Brochure,https://pascalliedcdnep.azureedge.net/airease/AirEase_J4SHP16LT_Brochure.pdf
product-brochure,out-of-production,4SHP18LT  Product Brochure,https://pascalliedcdnep.azureedge.net/airease/AirEase_J4SHP18LT_Brochure.pdf
product-brochure,out-of-production,13ACD  Product Brochure,https://s7d2.scene7.com/is/content/AlliedAirEnterprises/AIREASE_AIRCONDITIONERS_13ACD_CONSUMERBROCHUREpdf
product-brochure,out-of-production,13HPD  Product Brochure,https://pascalliedcdnep.azureedge.net/airease/AirEase_J13HPD_Brochure.pdf
product-brochure,out-of-production,4SCU18LT  Product Brochure,https://pascalliedcdnep.azureedge.net/airease/AirEase_J4SCU18LT_Brochure.pdf
specs,gas-furnaces,A802V  Technical Specifications,https://s7d2.scene7.com/is/content/AlliedAirEnterprises/1%20-%20Document%20Updates/FLAGSHIP_GASFURNACES_A802V_SPECSHEET.pdf
specs,gas-furnaces,A802E  Technical Specifications,https://s7d2.scene7.com/is/content/AlliedAirEnterprises/Product%20Materials%20Library/Spec%20Sheets/Gas%20Furnaces/FLAGSHIP_GASFURNACES_A802E_SPECSHEET.pdf
specs,gas-furnaces,A961E  Technical Specifications ,https://s7d2.scene7.com/is/content/AlliedAirEnterprises/Product%20Materials%20Library/Spec%20Sheets/Gas%20Furnaces/FLAGSHIP_GASFURNACES_A961E_SPECSHEET.pdf
specs,gas-furnaces,A801D  Technical Specifications,https://s7d2.scene7.com/is/content/AlliedAirEnterprises/Product%20Materials%20Library/Spec%20Sheets/Gas%20Furnaces/FLAGSHIP_GASFURNACES_A801A-062014_SPECSHEETpdf.pdf
specs,gas-furnaces,A931A  Technical Specifications,https://s7d2.scene7.com/is/content/AlliedAirEnterprises/Product%20Materials%20Library/Spec%20Sheets/Gas%20Furnaces/FLAGSHIP_GASFURNACES_A931A_SPECSHEET.pdf
specs,gas-furnaces,A951A  Technical Specifications,https://s7d2.scene7.com/is/content/AlliedAirEnterprises/Product%20Materials%20Library/Spec%20Sheets/Gas%20Furnaces/FLAGSHIP_GASFURNACES_A951A-A951S_SPECSHEET.pdf
specs,gas-furnaces,A97MV  Technical Specifications,https://s7d2.scene7.com/is/content/AlliedAirEnterprises/FLAGSHIP_GASFURNACES_A97MV_SPECSHEETpdf
specs,gas-furnaces,A951S  Technical Specifications,https://s7d2.scene7.com/is/content/AlliedAirEnterprises/Product%20Materials%20Library/Spec%20Sheets/Gas%20Furnaces/FLAGSHIP_GASFURNACES_A951A-A951S_SPECSHEET.pdf
specs,gas-furnaces,A931E  Technical Specifications,https://s7d2.scene7.com/is/content/AlliedAirEnterprises/1%20-%20Document%20Updates/FLAGSHIP_GASFURNACES_A931E_SPECSHEET.pdf
specs,gas-furnaces,A801E  Technical Specification,https://s7d2.scene7.com/is/content/AlliedAirEnterprises/Product%20Materials%20Library/Spec%20Sheets/Gas%20Furnaces/FLAGSHIP_GASFURNACES_A801E_SPECSHEET.pdf
specs,gas-furnaces,A962V  Technical Specifications,https://s7d2.scene7.com/is/content/AlliedAirEnterprises/Product%20Materials%20Library/Spec%20Sheets/Gas%20Furnaces/FLAGSHIP_GASFURNACES_A962V_SPECSHEET.pdf
specs,gas-furnaces,A962E  Technical Specifications,https://s7d2.scene7.com/is/content/AlliedAirEnterprises/Product%20Materials%20Library/Spec%20Sheets/Gas%20Furnaces/FLAGSHIP_GASFURNACES_A962E_SPECSHEET.pdf
specs,gas-furnaces,A951E  Technical Specifications,https://s7d2.scene7.com/is/content/AlliedAirEnterprises/Product%20Materials%20Library/Spec%20Sheets/Gas%20Furnaces/FLAGSHIP_GASFURNACES_A951E_SPECSHEET.pdf
specs,oil-furnaces,L83BF/R  Technical Specifications,https://s7d2.scene7.com/is/content/AlliedAirEnterprises/Product%20Materials%20Library/Spec%20Sheets/Oil%20Furnaces/VALUE_OILFURNACES_L83UF-L83HF-L83BF-L83BR-L83HR_SPECSHEET.pdf
specs,oil-furnaces,L83HF/R  Technical Specifications,https://s7d2.scene7.com/is/content/AlliedAirEnterprises/Product%20Materials%20Library/Spec%20Sheets/Oil%20Furnaces/VALUE_OILFURNACES_L83UF-L83HF-L83BF-L83BR-L83HR_SPECSHEET.pdf
specs,oil-furnaces,L83UF  Technical Specifications,https://s7d2.scene7.com/is/content/AlliedAirEnterprises/Product%20Materials%20Library/Spec%20Sheets/Oil%20Furnaces/VALUE_OILFURNACES_L83UF-L83HF-L83BF-L83BR-L83HR_SPECSHEET.pdf
specs,oil-furnaces,L83HFV/RV  Technical Specifications,https://s7d2.scene7.com/is/content/AlliedAirEnterprises/1%20-%20Document%20Updates/FLAGSHIP_OILFURNACES_AL83-L83_SPECSHEET.pdf
specs,oil-furnaces,L83BFV/RV  Technical Specifications,https://s7d2.scene7.com/is/content/AlliedAirEnterprises/1%20-%20Document%20Updates/FLAGSHIP_OILFURNACES_AL83-L83_SPECSHEET.pdf
specs,oil-furnaces,L83UFV  Technical Specifications,https://s7d2.scene7.com/is/content/AlliedAirEnterprises/1%20-%20Document%20Updates/FLAGSHIP_OILFURNACES_AL83-L83_SPECSHEET.pdf
specs,oil-furnaces,L85UFV  Technical Specifications,https://s7d2.scene7.com/is/content/AlliedAirEnterprises/1%20-%20Document%20Updates/RESI_OILFURNACES_L83HFV-L83HRV-L85BFV-L85RV-L85UFV_SPECSHEET.pdf
specs,oil-furnaces,L85BFV/RV  Technical Specifications,https://s7d2.scene7.com/is/content/AlliedAirEnterprises/1%20-%20Document%20Updates/RESI_OILFURNACES_L83HFV-L83HRV-L85BFV-L85RV-L85UFV_SPECSHEET.pdf
specs,air-conditioners,4SCU17LE  Technical Specifications,https://s7d2.scene7.com/is/content/AlliedAirEnterprises/Product%20Materials%20Library/Spec%20Sheets/Air%20Conditioners/RESI_AIRCONDITIONERS_4SCU17LE_SPECSHEET.pdf
specs,air-conditioners,4SHP18LX*  Technical Specifications,https://s7d2.scene7.com/is/content/AlliedAirEnterprises/Product%20Materials%20Library/Spec%20Sheets/Heat%20Pumps/FLAGSHIP_HEATPUMPS_4SHP18LX_SPECSHEET.pdf
specs,air-conditioners,4SCU23LX  Technical Specifications,https://s7d2.scene7.com/is/content/AlliedAirEnterprises/Product%20Materials%20Library/Spec%20Sheets/Air%20Conditioners/FLAGSHIP_AIRCONDITIONERS_4SCU23LX_SPECSHEET.pdf
specs,air-conditioners,4SCU14LB  Technical Specifications,https://s7d2.scene7.com/is/content/AlliedAirEnterprises/Product%20Materials%20Library/Spec%20Sheets/Air%20Conditioners/FLAGSHIP_AIRCONDITIONERS_4SCU14LB_SPECSHEET.pdf
specs,air-conditioners,4SCU16LE  Technical Specifications,https://s7d2.scene7.com/is/content/AlliedAirEnterprises/1%20-%20Document%20Updates/FLAGSHIP_AIRCONDITIONERS_4SCU16LE-OMNIGUARD_SPECSHEET.pdf
specs,air-conditioners,4SCU13LE  Technical Specifications,https://s7d2.scene7.com/is/content/AlliedAirEnterprises/1%20-%20Document%20Updates/FLAGSHIP_AIRCONDITIONERS_4SCU13LE_SPECSHEET.pdf
specs,air-conditioners,4SCU16LS  Technical Specifications,https://s7d2.scene7.com/is/content/AlliedAirEnterprises/1%20-%20Document%20Updates/FLAGSHIP_AIRCONDITIONERS_4SCU16LS_SPECSHEET.pdf
specs,air-conditioners,4SCU13LB  Technical Specifications,https://s7d2.scene7.com/is/content/AlliedAirEnterprises/1%20-%20Document%20Updates/FLAGSHIP_AIRCONDITIONERS_4SCU13LB_SPECSHEET.pdf
specs,air-conditioners,4SCU20LX  Technical Specifications,https://s7d2.scene7.com/is/content/AlliedAirEnterprises/1%20-%20Document%20Updates/FLAGSHIP_AIRCONDITIONERS_4SCU20LX_SPECSHEET.pdf
specs,air-conditioners,4SCU20LX  Service Manual,https://s7d2.scene7.com/is/content/AlliedAirEnterprises/Product%20Materials%20Library/Installation%20%26%20Service%20Manuals/Air%20Conditioners%20%26%20Heat%20Pumps/FLAGSHIP_AIRCONDITIONERS-HEATPUMPS_4SCU20LX-4SHP20LX_SERVICEMANUAL.pdf
specs,heat-pumps,4SHP16LS  Technical Specifications,https://s7d2.scene7.com/is/content/AlliedAirEnterprises/1%20-%20Document%20Updates/FLAGSHIP_HEATPUMPS_4SHP16LS_SPECSHEET.pdf
specs,heat-pumps,4SHP20LX  Technical Specifications,https://s7d2.scene7.com/is/content/AlliedAirEnterprises/1%20-%20Document%20Updates/FLAGSHIP_HEATPUMPS_4SHP20LX_SPECSHEET.pdf
specs,heat-pumps,4SHP17LE  Technical Specifications,https://s7d2.scene7.com/is/content/AlliedAirEnterprises/Product%20Materials%20Library/Spec%20Sheets/Heat%20Pumps/FLAGSHIP_HEATPUMPS_4SHP17LE_SPECSHEET-OMNIGUARD.pdf
specs,heat-pumps,4SHP22LX  Technical Specifications,https://s7d2.scene7.com/is/content/AlliedAirEnterprises/Product%20Materials%20Library/Spec%20Sheets/Heat%20Pumps/FLAGSHIP_HEATPUMPS_4SHP22LX_SPECSHEET.pdf
specs,heat-pumps,4SHP18LX  Technical Specifications,https://s7d2.scene7.com/is/content/AlliedAirEnterprises/Product%20Materials%20Library/Spec%20Sheets/Heat%20Pumps/FLAGSHIP_HEATPUMPS_4SHP18LX_SPECSHEET.pdf
specs,heat-pumps,4SHP20LX  Service Manual,https://s7d2.scene7.com/is/content/AlliedAirEnterprises/Product%20Materials%20Library/Installation%20%26%20Service%20Manuals/Air%20Conditioners%20%26%20Heat%20Pumps/FLAGSHIP_AIRCONDITIONERS-HEATPUMPS_4SCU20LX-4SHP20LX_SERVICEMANUAL.pdf
specs,heat-pumps,4SHP14LB  Technical Specifications,https://s7d2.scene7.com/is/content/AlliedAirEnterprises/1%20-%20Document%20Updates/FLAGSHIP_HEATPUMPS_4SHP14LB-OMNIGUARD_SPECSHEET.pdf
specs,heat-pumps,4SHP15LE  Technical Specifications,https://s7d2.scene7.com/is/content/AlliedAirEnterprises/1%20-%20Document%20Updates/FLAGSHIP_HEATPUMPS_4SHP15LE-OMNIGUARD_SPECSHEET.pdf
specs,heat-pumps,4SHP16LE  Technical Specifications,https://s7d2.scene7.com/is/content/AlliedAirEnterprises/FLAGSHIP_HEATPUMPS_4SHP16LE_SPECSHEET-OMNIGUARDpdf
specs,package-units,PRPAC14 Electric/Electric Technical Specifications,https://s7d2.scene7.com/is/content/AlliedAirEnterprises/Product%20Materials%20Library/Spec%20Sheets/Packaged%20Units/RESI_PACKAGEDUNITS_PRPAC14-FER_SPECSHEET.pdf
specs,package-units,PRPDF14 Dual-Fuel Technical Specifications,https://s7d2.scene7.com/is/content/AlliedAirEnterprises/Product%20Materials%20Library/Spec%20Sheets/Packaged%20Units/FLAGSHIP_PACKAGEDUNITS_PRPDF14_SPECSHEET.pdf
specs,package-units,PRPGE14 Gas/Electric Technical Specifications,https://s7d2.scene7.com/is/content/AlliedAirEnterprises/Product%20Materials%20Library/Spec%20Sheets/Packaged%20Units/RESI_PACKAGEDUNITS_PRPGE14-FER_SEER2_SPECSHEET.pdf
specs,package-units,PRPHP14 Heat Pump Technical Specifications,https://s7d2.scene7.com/is/content/AlliedAirEnterprises/Product%20Materials%20Library/Spec%20Sheets/Packaged%20Units/RESI_PACKAGEDUNITS_PRPHP14-FER_SEER2_SPECSHEET.pdf
specs,package-units,PRPGE16 Gas/Electric Technical Specifications,https://s7d2.scene7.com/is/content/AlliedAirEnterprises/Product%20Materials%20Library/Spec%20Sheets/Packaged%20Units/FLAGSHIP_PACKAGEDUNITS_PRPGE16-FER_SEER2_SPECSHEET.pdf
specs,package-units,PRPHP16 Heat Pump Technical Specifications,https://s7d2.scene7.com/is/content/AlliedAirEnterprises/Product%20Materials%20Library/Spec%20Sheets/Packaged%20Units/FLAGSHIP_PACKAGEDUNITS_PRPHP16-FER_SEER2_SPECSHEET.pdf
specs,package-units,PRPDF16 Dual-Fuel Technical Specifications,https://s7d2.scene7.com/is/content/AlliedAirEnterprises/Product%20Materials%20Library/Spec%20Sheets/Packaged%20Units/FLAGSHIP_PACKAGEDUNITS_PRPDF16-FER_SEER2_SPECSHEET.pdf
specs,package-units,PRPAC16 Electric/Electric Technical Specifications,https://s7d2.scene7.com/is/content/AlliedAirEnterprises/Product%20Materials%20Library/Spec%20Sheets/Packaged%20Units/FLAGSHIP_PACKAGEDUNITS_PRPAC16-FER_SEER2_SPECSHEET.pdf
specs,package-units,PRPGE14 Gas/Electric Technical Specifications-Ultra Low NOx,https://s7d2.scene7.com/is/content/AlliedAirEnterprises/Product%20Materials%20Library/Spec%20Sheets/Packaged%20Units/RESI_PACKAGEDUNITS_PRPGN14_SEER2_SPECSHEET.pdf
specs,air-handlers,EFV  Technical Specifications,https://s7d2.scene7.com/is/content/AlliedAirEnterprises/Product%20Materials%20Library/Spec%20Sheets/RESI_ELECTRICFURNACES_EFV-EFC_SPECSHEET.pdf
specs,air-handlers,BCE5C  Technical Specifications,https://s7d2.scene7.com/is/content/AlliedAirEnterprises/1%20-%20Document%20Updates/RESI_AIRHANDLERS_BCE5C-OMNIGUARD_SPECSHEET.pdf
specs,air-handlers,BCE5E  Technical Specifications,https://s7d2.scene7.com/is/content/AlliedAirEnterprises/1%20-%20Document%20Updates/RESI_AIRHANDLERS_BCE5E-OMNIGUARD_SPECSHEET.pdf
specs,air-handlers,BCE5V  Technical Specifications,https://s7d2.scene7.com/is/content/AlliedAirEnterprises/1%20-%20Document%20Updates/RESI_AIRHANDLERS_BCE5V-OMNIGUARD_SPECSHEET.pdf
specs,air-handlers,BCE7E  Technical Specifications,https://s7d2.scene7.com/is/content/AlliedAirEnterprises/1%20-%20Document%20Updates/RESI_AIRHANDLERS_BCE7E_SPECSHEET-OMNIGUARD.pdf
specs,air-handlers,BCE7S  Technical Specifications,https://s7d2.scene7.com/is/content/AlliedAirEnterprises/1%20-%20Document%20Updates/FLAGSHIP_AIRHANDLERS_BCE7S-OMNIGUARD_SPECSHEET.pdf
specs,coils,EAC4X  Technical Specifications,https://s7d2.scene7.com/is/content/AlliedAirEnterprises/1%20-%20Document%20Updates/RESI_COILS_EAC1P-EAC4X-EAH1P-EAU1P-ED1P_SPECSHEET.pdf
specs,coils,EAC1P  Technical Specifications,https://s7d2.scene7.com/is/content/AlliedAirEnterprises/1%20-%20Document%20Updates/RESI_COILS_EAC1P-EAC4X-EAH1P-EAU1P-ED1P_SPECSHEET.pdf
specs,coils,EAH1P  Technical Specifications,https://s7d2.scene7.com/is/content/AlliedAirEnterprises/1%20-%20Document%20Updates/RESI_COILS_EAC1P-EAC4X-EAH1P-EAU1P-ED1P_SPECSHEET.pdf
specs,coils,EAU1P  Technical Specifications,https://s7d2.scene7.com/is/content/AlliedAirEnterprises/1%20-%20Document%20Updates/RESI_COILS_EAC1P-EAC4X-EAH1P-EAU1P-ED1P_SPECSHEET.pdf
specs,coils,ED1P  Technical Specifications ,https://s7d2.scene7.com/is/content/AlliedAirEnterprises/Product%20Materials%20Library/Spec%20Sheets/Coils/RESI_COILS_EC4X-EC1P-EU1P-EUL1P-EM1P-EH1P-ED1P_SPECSHEET.pdf
specs,coils,EM1P  Technical Specifications ,https://s7d2.scene7.com/is/content/AlliedAirEnterprises/Product%20Materials%20Library/Spec%20Sheets/Coils/RESI_COILS_EC4X-EC1P-EU1P-EUL1P-EM1P-EH1P-ED1P_SPECSHEET.pdf
specs,mini-split-systems,4DHP2  Single-Zone Technical Specifications,https://s7d2.scene7.com/is/content/AlliedAirEnterprises/RESI_DUCTLESSMINISPLITS_4DHP2S-DWM2-D22C-DMD-SINGLEZONE-2GEN_SPECSHEET.pdf
specs,mini-split-systems,4DHV  Single-Zone Technical Specifications,https://s7d2.scene7.com/is/content/AlliedAirEnterprises/RESI_DUCTLESSMINISPLITS_4DHVS-DWH_SPECSHEETpdf
specs,mini-split-systems,4DHP2  Multi-Zone Technical Specifications,https://s7d2.scene7.com/is/content/AlliedAirEnterprises/RESI_DUCTLESSMINISPLITS_4DHP2S-DWM2-D22C-DMD-MULTIZONE-2GEN_SPECSHEET.pdf
specs,out-of-production,4SCU14LB-Legacy  Technical Specifications,https://pascalliedcdnep.azureedge.net/airease/AirEase_4SCU14LB_Tech_Spec.pdf
specs,out-of-production,EH1P  Technical Specifications,https://s7d2.scene7.com/is/content/AlliedAirEnterprises/Product%20Materials%20Library/Spec%20Sheets/Coils/RESI_COILS_EC4X-EC1P-EU1P-EUL1P-EM1P-EH1P-ED1P_SPECSHEET.pdf
specs,out-of-production,EC4X  Technical Specifications,https://s7d2.scene7.com/is/content/AlliedAirEnterprises/Product%20Materials%20Library/Spec%20Sheets/Coils/RESI_COILS_EC4X-EC1P-EU1P-EUL1P-EM1P-EH1P-ED1P_SPECSHEET.pdf
specs,out-of-production,EU1P  Technical Specifications,https://s7d2.scene7.com/is/content/AlliedAirEnterprises/Product%20Materials%20Library/Spec%20Sheets/Coils/RESI_COILS_EC4X-EC1P-EU1P-EUL1P-EM1P-EH1P-ED1P_SPECSHEET.pdf
specs,out-of-production,EC1P  Technical Specifications,https://s7d2.scene7.com/is/content/AlliedAirEnterprises/Product%20Materials%20Library/Spec%20Sheets/Coils/RESI_COILS_EC4X-EC1P-EU1P-EUL1P-EM1P-EH1P-ED1P_SPECSHEET.pdf
specs,out-of-production,4SCU16LE-Legacy  Technical Specifications,https://pascalliedcdnep.azureedge.net/airease/4SCU16LE(WALDO)_100_12_17.pdf
specs,out-of-production,EFC  Technical Specifications,https://pascalliedcdnep.azureedge.net/airease/AirEase_EFC-Tech_Spec.pdf
specs,out-of-production,4DHPS  Single-Zone Technical Specifications,https://s7d2.scene7.com/is/content/AlliedAirEnterprises/1%20-%20Document%20Updates/VALUE_DUCTLESSMINISPLITS_4DHPS-DMD-D22C-D33C-DWM_SPECSHEET.pdf
specs,out-of-production,4DHPM  Multi-Zone Technical Specifications,https://s7d2.scene7.com/is/content/AlliedAirEnterprises/1%20-%20Document%20Updates/RESI_DUCTLESSMINISPLITS_4DHPM-DMD-D22C-D33C-DWM-MULTIZONE_SPECSHEET.pdf
specs,out-of-production,4SHP15LE-Legacy  Technical Specifications,https://pascalliedcdnep.azureedge.net/airease/4SHP15LE(WALDO)-100_12_17.pdf
specs,out-of-production,BCE3V  Technical Specifications,https://pascalliedcdnep.azureedge.net/airease/AirEase_BCE3V_Tech_Spec.pdf
specs,out-of-production,EUL1P  Technical Specifications,https://s7d2.scene7.com/is/content/AlliedAirEnterprises/Product%20Materials%20Library/Spec%20Sheets/Coils/RESI_COILS_EC4X-EC1P-EU1P-EUL1P-EM1P-EH1P-ED1P_SPECSHEET.pdf
specs,out-of-production,4SHP14LB-Legacy  Technical Specifications,https://pascalliedcdnep.azureedge.net/airease/AirEase_4SHP14LB_Tech_Spec.pdf
specs,out-of-production,BCE3E  Technical Specifications,https://pascalliedcdnep.azureedge.net/airease/AirEase_BCE3E_Tech_Spec.pdf
specs,out-of-production,BCE4S  Technical Specifications,https://pascalliedcdnep.azureedge.net/airease/AirEase_BCE4S_Tech_Spec.pdf
specs,out-of-production,4SCU18LS  Technical Specifications,https://pascalliedcdnep.azureedge.net/airease/AirEase_4SCU18LS_Tech_Spec.pdf
specs,out-of-production,4HP13L  Technical Specifications,https://pascalliedcdnep.azureedge.net/airease/AirEase_4HP13L_Tech_Spec.pdf
specs,out-of-production,4PGE15 Gas/Electric Technical Specifications,https://pascalliedcdnep.azureedge.net/airease/AirEase_4PGE15E_Tech_Spec.pdf
specs,out-of-production,4SCU16LT  Technical Specifications,https://pascalliedcdnep.azureedge.net/airease/AirEase_4SCU16LT_Tech_Spec.pdf
specs,out-of-production,BCS2  Technical Specifications,https://pascalliedcdnep.azureedge.net/airease/AirEase_BCS2S-100_Tech_Spec.pdf
specs,out-of-production,RPCE13 Electric/Electric Technical Specifications,https://s7d2.scene7.com/is/content/AlliedAirEnterprises/FLAGSHIP_PACKAGEDUNITS_RPCE13_SPECSHEETpdf
specs,out-of-production,RPGE13 Gas/Electric Technical Specifications,https://s7d2.scene7.com/is/content/AlliedAirEnterprises/FLAGSHIP_PACKAGEDUNITS_RPGE13_SPECSHEETpdf
specs,out-of-production,RPHP13 Heat Pump Technical Specifications,https://s7d2.scene7.com/is/content/AlliedAirEnterprises/FLAGSHIP_PACKAGEDUNITS_RPHP13_SPECSHEETpdf%20%20OptionsAttachments
specs,out-of-production,4SHP13LE  Technical Specifications,https://pascalliedcdnep.azureedge.net/airease/AirEase_4SHP13LE_Tech_Spec.pdf
specs,out-of-production,A952V  Technical Specifications,https://pascalliedcdnep.azureedge.net/airease/AirEase_A952V_Tech_Spec.pdf
specs,out-of-production,4SCU18LT  Technical Specifications,https://pascalliedcdnep.azureedge.net/airease/AirEase_4SCU18LT_Tech_Spec.pdf
specs,out-of-production,4PHP13 Heat Pump Technical Specifications,https://pascalliedcdnep.azureedge.net/airease/AirEase_4PHP13E_Tech_Spec.pdf
specs,out-of-production,4PHP15 Heat Pump Technical Specifications,https://pascalliedcdnep.azureedge.net/airease/AirEase_4PHP15E_Tech_Spec.pdf
specs,out-of-production,4PCE13 Electric/Electric Technical Specifications,https://pascalliedcdnep.azureedge.net/airease/AirEase_4PCE13E_Tech_Spec.pdf
specs,out-of-production,4PCE15 Electric/Electric Technical Specifications,https://pascalliedcdnep.azureedge.net/airease/AirEase_4PCE15E_Tech_Spec.pdf
specs,out-of-production,4PGE13 Gas/Electric Technical Specifications,https://pascalliedcdnep.azureedge.net/airease/AirEase_4PGE13E_Tech_Spec.pdf
specs,out-of-production,BCS2V  Technical Specifications,https://pascalliedcdnep.azureedge.net/airease/AirEase_BCS2S-100_Tech_Spec.pdf
specs,out-of-production,BCS2S  Technical Specifications,https://pascalliedcdnep.azureedge.net/airease/AirEase_BCS2S-100_Tech_Spec.pdf
specs,out-of-production,4SHP18LS  Technical Specifications,https://pascalliedcdnep.azureedge.net/airease/AirEase_4SHP18LS_Tech_Spec.pdf
specs,out-of-production,4SHP13LB  Technical Specifications,https://s7d2.scene7.com/is/content/AlliedAirEnterprises/Product%20Materials%20Library/Spec%20Sheets/Heat%20Pumps/FLAGSHIP_HEATPUMPS_4SHP13LB_SPECSHEET.pdf
specs,out-of-production,BCE3C  Technical Specifications,https://pascalliedcdnep.azureedge.net/airease/Airease_BCE3C_Tech_Spec.pdf
specs,out-of-production,4AC13L  Technical Specifications,https://pascalliedcdnep.azureedge.net/airease/AirEase_4AC13L_Tech_Spec.pdf
specs,out-of-production,4SHP18LT  Technical Specifications,https://pascalliedcdnep.azureedge.net/airease/AirEase_4SCU18LT_Tech_Spec.pdf
specs,out-of-production,4SHP16LT  Technical Specifications,https://pascalliedcdnep.azureedge.net/airease/AirEase_4SHP16LT_Tech_Spec.pdf
specs,out-of-production,13ACD  Technical Specifications,https://pascalliedcdnep.azureedge.net/airease/AirEase_13ACD_Tech_Spec.pdf
specs,out-of-production,13HPD  Technical Specifications,https://pascalliedcdnep.azureedge.net/airease/AirEase_13HPD_Tech_Spec.pdf
specs,out-of-production,A96MV  Technical Specifications,https://pascalliedcdnep.azureedge.net/airease/AirEase_A96MV_Tech_Spec.pdf
